provinsi,produksi_padi_2025,produksi_jagung_2024,produksi_alpukat_2025,produksi_anggur_2025,produksi_apel_2025,produksi_belimbing_2025,produksi_duku_langsat_kokosan_2025,produksi_durian_2025,produksi_jambu_air_2025,produksi_jambu_biji_2025,produksi_jengkol_2025,produksi_jeruk_besar_2025,produksi_jeruk_siam_keprok_2025,produksi_mangga_2025,produksi_manggis_2025,produksi_melinjo_2025,produksi_nangka_cempedak_2025,produksi_nenas_2025,produksi_pepaya_2025,produksi_petai_2025,produksi_pisang_2025,produksi_rambutan_2025,produksi_salak_2025,produksi_sawo_2025,produksi_sirsak_2025,produksi_sukun_2025,produksi_buah_naga_2025,produksi_jeruk_lemon_2025,produksi_lengkeng_2025,produksi_bawang_daun_2025,produksi_bawang_merah_2025,produksi_bawang_putih_2025,produksi_bayam_2025,produksi_buncis_2025,produksi_cabai_rawit_2025,produksi_kacang_panjang_2025,produksi_kangkung_2025,produksi_kembang_kol_2025,produksi_kentang_2025,produksi_ketimun_2025,produksi_kubis_2025,produksi_labu_siam_2025,produksi_melon_2025,produksi_paprika_2025,produksi_petsai_sawi_2025,produksi_semangka_2025,produksi_stroberi_2025,produksi_terung_2025,produksi_tomat_2025,produksi_wortel_2025,produksi_cabai_besar_tw_teropong_2025,produksi_cabai_keriting_2025,produksi_jamur_tiram_2025,produksi_jamur_merang_2025,produksi_jamur_lainnya_2025,cluster,cluster_name
Aceh,1615200.0,52249.4,122079.168,1.85,66.19,2247.038,5482.569,58496.921,4929.351000000001,6060.844999999999,19114.44,6188.035,55383.575,23588.604,7091.485000000001,28475.392,9195.556,12465.345,41842.243,2181.9990000000003,46517.179,71187.75,455.59,2592.3630000000003,1160.267,1617.9,375.34,966.505,510.205,687.5600000000001,13281.55,0.0,5040.372,211.8,112302.144,13674.242000000002,7586.144999999999,450.1,7560.655000000001,16575.038,1374.1,894.1,300.1,7.0,2660.402,7877.45,26.3,9484.551,10211.23,44.6,129.25,184095.024,2.201,1.576,0.02,1,Produksi Tinggi dengan Hortikultura Dataran Tinggi Menonjol
Bali,587866.0,39055.43,4852.874,19111.885,0.0,421.988,516.8050000000001,29744.094,825.0690000000001,2792.473,0.7,353.255,109585.369,62127.85799999999,8493.824,305.43600000000004,19644.368,381.484,8193.265,5.26,134617.75,9619.908,27093.948,2752.802,247.022,237.793,2377.661,982.89,114.79,368.22,39906.95,3.555,869.993,4529.423000000001,27280.977000000003,4325.092,5172.744000000001,187.995,229.3,5646.874,11576.85,17014.629999999997,210.577,227.13,14155.838,19079.592,451.47,1911.642,7735.778,543.4,5544.585,0.137,50.601,0.215,0.525,1,Produksi Tinggi dengan Hortikultura Dataran Tinggi Menonjol
Banten,1774017.0,12677.14,5207.389,22.25,0.0,640.024,10759.935,52242.806,4802.729,5081.849,13295.708,10.63,929.232,29626.837,43118.815,37631.05,4667.956,206.714,16309.004,15983.762,337551.1,29131.21,1398.365,2137.563,4437.527,5766.280000000001,50.586,166.29000000000002,123.047,201.36,1395.076,0.0,7642.513000000001,43.63,7621.336999999999,4009.93,10552.912,0.0,0.0,4759.972,58.9,113.05,257.66,0.0,8681.547999999999,824.5,0.0,1643.572,496.371,135.0,321.332,7521.563,107.917,0.2,26.0,3,Produksi Menengah dengan Komoditas Buah/Tropis Menonjol
Bengkulu,266567.0,62876.83,8226.831,3.5,4.464,197.507,493.97,15432.825,682.9399999999999,1846.095,4621.794,6.7,14800.966,3833.905,4652.932,249.659,3932.293,128.261,112814.275,2337.795,13133.126,2929.163,1325.1219999999998,990.914,242.881,229.43,67.64500000000001,15.31,760.5,4041.598,577.65,4.0,265.707,10306.635,24032.015,12902.219,807.6279999999999,2543.825,2162.4,13685.74,8431.6,5660.6,615.6600000000001,0.0,8388.228,1433.42,11.7,20413.54,23964.93,7832.0,19415.370000000003,15893.857,107.82,1.0,0.0,1,Produksi Tinggi dengan Hortikultura Dataran Tinggi Menonjol
DI Yogyakarta,547510.0,189378.3,16119.151999999998,77.985,0.0,1003.24,1489.345,11549.956,4163.666,7432.505,29.847,65.17,3016.812,43225.58,2473.656,27876.507,22011.111,906.191,17142.470999999998,8875.304,95555.56,18184.472,45500.824,4750.398,1619.096,10341.21,1648.6740000000002,118.037,3182.548,330.15,26718.601,0.0,3182.638,151.86,25029.913,1737.114,5871.9,55.722,0.0,1038.75,0.5780000000000001,20.005000000000003,6663.87,0.0,3390.058,4366.611,1.765,2824.681,667.76,0.0,2807.518,45171.772,1885.058,26.69,12.09,3,Produksi Menengah dengan Komoditas Buah/Tropis Menonjol
DKI Jakarta,1487.0,0.0,150.865,17.766,0.0,2161.263,4.41,184.49,8092.324,1127.915,0.108,7.639,111.369,13762.731,200.775,63.908,472.78,1.192,1668.158,26.338,10683.242,3411.802,5.68,229.318,72.983,181.809,5.92,342.158,14.063999999999998,0.0,5.273,0.0,2452.203,0.0,42.193,0.023,3191.884,47.147000000000006,0.0,0.0,0.0,6.4,0.79,0.0,1915.871,0.0,0.0,52.839,2.997,0.0,0.032,0.066,0.0,0.0,0.0,0,Produksi Multi-Komoditas Relatif Rendah
Gorontalo,281171.0,625972.1,149.41500000000002,0.0,0.0,10.1,164.695,6294.432,4.982,15.922,1.98,560.5,26393.74,3260.268,1.8,0.0,853.4,354.09000000000003,891.1200000000001,3.652,6009.731,1326.75,107.82,1.0,14.063999999999998,4.926,45.6,0.9,1.2,55.525,37.1,0.0,4.951,0.0,11039.735,738.3,603.72,0.0,0.0,370.445,0.0,162.75,4.5,0.0,24.93,251.4,0.0,1774.53,6478.37,0.0,0.0,469.42,0.059,0.0,0.0,0,Produksi Multi-Komoditas Relatif Rendah
Jambi,367791.0,10530.87,20827.388,2.48,0.0,1261.248,26428.803000000004,50551.826,4589.139,3374.534,9113.753,241.835,48771.426,8598.965,16304.621,2771.562,12718.634,225714.995,14948.6,3834.262,43553.837,10568.615,6648.101,4526.875,1601.452,5143.218,933.376,1340.608,2300.431,12287.4,21855.898,0.0,4356.701,6675.43,42173.875,6298.369000000001,5835.62,11419.4,132836.2,6146.168,87624.0,7958.75,734.162,0.0,36441.346000000005,6493.849,8.681999999999999,33768.551,100281.408,17066.5,653.5,213975.327,123.225,0.0,0.0,1,Produksi Tinggi dengan Hortikultura Dataran Tinggi Menonjol
Jawa Barat,10226654.0,564290.8,112493.462,339.446,0.0,8747.115,9499.22,103970.729,27976.731,64383.831000000006,18545.4,7656.704,51143.138,424833.165,49781.502,31440.669,91153.242,215603.983,91797.938,82207.347,1311578.673,122332.959,9945.954,20780.702,16137.399,24679.446,1786.563,20755.249,1546.19,156709.563,199415.401,261.8,37279.898,75280.20999999999,198791.659,66603.18299999999,68388.687,30636.365,237242.95,127456.072,218922.057,91096.136,1080.407,1771.37,149803.017,4838.280000000001,41718.55,118827.545,268431.069,84202.8,137216.821,221733.071,11505.899,2065.669,331.06,2,Sentra Produksi Multi-Komoditas Sangat Tinggi
Jawa Tengah,9304063.0,2426509.0,196190.798,237.445,18.1,18781.735,13459.439000000002,184190.187,59282.162,95435.746,13836.948,21459.792,30967.947,545258.213,12147.288,48380.202000000005,139582.63400000002,323296.156,148399.628,113282.82,939759.501,99658.458,412228.44,14812.642000000002,20144.611,40118.946,2622.445,4857.51,16244.27,123190.143,584034.5009999999,23542.112,16103.5,33046.815,266305.06200000003,18184.357,34535.228,26414.33,357246.319,26657.992,200949.204,103434.46,22086.169,7.273999999999999,97134.268,46261.81,429.699,57627.59,113012.619,133966.95,50122.863,167398.271,8374.198,37.39,709.191,2,Sentra Produksi Multi-Komoditas Sangat Tinggi
Jawa Timur,10438361.0,4595792.0,286312.78500000003,200.454,157897.127,60250.311,12858.253,425183.091,25958.07,77208.017,2494.144,34432.778000000006,1135171.265,1303794.99,34165.543,22136.529,215126.49,506409.556,280299.971,67592.073,2810401.177,142483.548,386041.446,17578.735999999997,27290.102000000003,23987.914,338806.009,8450.788,15017.689000000002,115937.798,500301.227,324.308,14895.638,26274.841,603717.826,31270.603000000003,33199.952000000005,28895.090000000004,252624.232,62127.868,210179.06,78854.088,60549.280000000006,4630.675,83320.809,113104.785,578.914,94180.995,126810.23,89213.55799999999,104535.644,35664.668,12864.199,172.96800000000002,172.824,2,Sentra Produksi Multi-Komoditas Sangat Tinggi
Kalimantan Barat,757829.0,90419.41,2327.663,31.292,0.0,1304.023,7150.157000000001,47850.779,3213.775,5515.057,10937.054,393.706,131516.087,7285.608,2692.678,908.99,9178.309,118186.395,14404.023,6503.728,81927.19399999999,13361.545000000002,541.17,1861.207,1392.101,2257.608,14707.38,306.43,706.255,834.4780000000001,8.6,0.0,3267.945,633.42,8419.011999999999,4788.158,5493.035,0.0,0.0,6977.152,0.0,122.886,354.35900000000004,0.0,3741.136,4080.983,0.0,5040.505999999999,2192.569,0.0,2849.542,945.82,0.103,0.0,0.0,3,Produksi Menengah dengan Komoditas Buah/Tropis Menonjol
Kalimantan Selatan,1179338.0,109438.4,138.185,7.758,0.0,430.468,7809.303999999999,26907.382,608.795,1978.125,4064.858,126.645,85936.736,5260.961,405.512,181.456,15713.003,2698.26,7590.901,2603.384,75353.758,16850.873,400.847,1432.353,655.726,910.213,875.76,190.568,202.347,1206.506,353.065,0.0,970.387,2154.87,14259.26,3804.967,942.555,97.73,0.0,5399.935,0.0,0.0,1168.625,0.0,989.894,18499.98,0.0,6965.176,5108.2300000000005,0.0,7836.003999999999,3883.425,186.585,0.0,0.0,3,Produksi Menengah dengan Komoditas Buah/Tropis Menonjol
Kalimantan Tengah,333429.0,44638.26,420.2,6.298,0.0,527.441,1674.08,10608.026,1263.799,2432.5080000000003,3966.464,81.538,7927.967999999999,2799.436,821.3629999999999,213.609,19583.118,8372.732,6553.443,1376.459,33563.64,35128.934,3179.438,2458.689,949.429,1320.0030000000002,1359.202,189.234,2371.666,1349.312,16.3,0.0,1175.351,857.467,5635.325,2698.43,1665.782,16.1,0.0,4017.238,0.0,144.792,247.61,3.0,1864.923,6671.302000000001,0.0,4345.915,1729.734,0.0,613.6899999999999,322.116,77.91499999999999,0.0,0.0,3,Produksi Menengah dengan Komoditas Buah/Tropis Menonjol
Kalimantan Timur,270867.0,3955.26,1545.99,4.853,0.0,1052.105,2160.942,10538.744,2618.961,4067.177,684.0699999999999,259.01300000000003,8468.928,4802.893,364.979,452.034,12630.993,79209.37299999999,14479.775,895.5709999999999,129386.251,12783.963,9923.444,1037.971,694.568,1960.535,18154.901,789.688,4192.031,801.336,91.01,0.0,3890.547,2644.237,7235.814,6093.0470000000005,7095.4,81.41,0.0,7456.739,4.85,424.28,1369.395,0.0,5332.167,8477.744,0.0,7742.709,5590.423000000001,0.0,1102.621,3321.352,202.594,0.0,0.03,3,Produksi Menengah dengan Komoditas Buah/Tropis Menonjol
Kalimantan Utara,38038.0,1058.24,115.685,0.913,0.0,95.924,6891.361,7549.389999999999,826.1389999999999,396.195,111.5,12.0,4614.681,6028.994000000001,57.4,69.26,20827.627,1793.84,20216.182,1787.199,79273.185,6173.676,6459.944,1088.56,4907.618,2113.367,136.01,59.699,120.98,2579.879,75.6,0.0,2859.392,2468.179,8517.782000000001,3277.862,6066.383,0.0,0.0,6782.609,0.0,1833.5,556.7,0.5,4898.965,3043.603,0.0,11028.156,10753.811,0.0,5381.263,3379.528,5.9030000000000005,0.0,0.0,3,Produksi Menengah dengan Komoditas Buah/Tropis Menonjol
Kepulauan Bangka Belitung,64304.0,0.0,1720.959,2.992,0.0,38.145,319.546,3003.806,589.164,572.4399999999999,182.969,1.2,426.178,1162.746,84.341,154.788,912.045,5314.909,1699.973,547.516,2175.421,1431.656,244.451,300.185,54.206,441.74,1091.773,81.08500000000001,140.738,326.324,54.8,0.0,929.218,286.329,6249.528,1230.767,1225.144,0.0,0.0,2816.277,0.0,0.774,152.79000000000002,0.0,1019.384,2108.887,0.0,1913.088,944.953,0.0,0.0,4916.416,18.926,0.0,0.0,3,Produksi Menengah dengan Komoditas Buah/Tropis Menonjol
Kepulauan Riau,688.0,12.0,353.175,2.6,0.0,166.974,40.735,4252.519,290.267,659.079,3857.467,9.32,88.816,1980.03,186.175,76.486,3321.7160000000003,4530.079,1102.56,751.408,4302.069,1195.287,84.78999999999999,193.01,120.953,360.811,125.793,21.402,110.28,264.40500000000003,28.68,0.0,4183.568,44.008,1454.982,2938.811,5252.552,0.0,0.0,3474.111,0.0,0.0,129.25,0.0,3926.784,1990.577,0.0,414.739,187.275,7.0,343.117,3157.494,43.54,0.0,0.0,3,Produksi Menengah dengan Komoditas Buah/Tropis Menonjol
Lampung,3252627.0,1107739.0,53616.677,245.792,0.0,2791.457,14671.291,71095.2,37053.145,25896.22,22901.75,2612.742,92732.694,34667.767,18244.687,18194.777,44755.024,698901.953,81113.789,25382.805,2001363.9760000005,33753.11,11740.581,37373.145,5490.17,21218.988,3801.609,1640.289,6804.264999999999,4013.352,1289.78,0.0,6567.389,4233.31,13255.626,10701.262,12782.685,696.3520000000001,145.8,10613.685,5653.26,2488.075,3221.391,0.0,11414.652,14062.179999999998,0.003,18973.942000000003,15612.291,6627.95,4596.201999999999,19442.353,520.001,211.507,78.262,1,Produksi Tinggi dengan Hortikultura Dataran Tinggi Menonjol
Maluku,103819.0,7582.6,667.8050000000001,0.0,0.0,286.806,6489.572,3807.015,546.236,465.849,34.88,417.008,5788.492,3102.2380000000003,319.213,167.74,1615.411,2884.413,16478.627,195.966,41925.601,472.896,817.133,4.942,205.799,1987.045,536.135,370.868,63.0,362.313,325.044,0.0,629.507,913.484,3021.664,1147.071,2216.916,51.672,9.6,1851.378,379.388,113.95,59.45,8.318000000000001,1853.494,960.283,0.0,1679.438,2025.42,4.9,126.13,1850.496,0.0419999999999999,0.0,0.0,3,Produksi Menengah dengan Komoditas Buah/Tropis Menonjol
Maluku Utara,22642.0,4530.02,704.5060000000001,0.0,0.0,190.78,7251.666999999999,9002.299,647.319,230.391,0.0,35.328,672.295,3527.249,932.789,377.57,1418.215,179.404,1058.746,0.236,8028.763000000001,6638.886,1525.676,9.436,322.758,294.04,158.47,19.96,212.69,1184.686,333.87600000000003,0.0,703.7810000000001,418.582,5695.977,2768.438,1912.05,0.0,0.0,2478.034,9.3,555.419,61.6,0.0,1721.913,1146.605,0.0,4287.174,12118.581,0.0,49.365,7024.972,0.0,0.0,0.01,3,Produksi Menengah dengan Komoditas Buah/Tropis Menonjol
Nusa Tenggara Barat,1708619.0,1209784.0,18225.892,383.16,142.5,534.188,402.774,25286.663,3459.0160000000005,11653.888,0.0,1011.701,5898.344999999999,130522.148,6179.477,1160.256,64876.169,88515.24100000001,17444.666,48.584,87504.065,9564.975,301.232,17248.898999999998,4029.994,505.532,4640.721,45.309,2905.736,3893.2,171549.688,11659.57,598.853,349.184,90558.708,2423.1490000000003,7019.041,801.15,1777.1,3359.345,13938.984,302.16,830.5649999999999,0.0,4884.841,10024.039,484.8,6605.405000000001,26580.899,3820.5,10070.466,4260.787,104.339,0.0,0.0,1,Produksi Tinggi dengan Hortikultura Dataran Tinggi Menonjol
Nusa Tenggara Timur,968324.0,293052.3,15818.154,8.947,8.4,300.814,3.0,5262.403,1780.193,9476.083,0.1,404.072,11997.542,56322.66,18.525,52.45,18611.471,17836.272,75023.949,190.106,168599.41100000002,5846.804,1067.783,685.677,2265.67,3268.53,6782.014,326.385,68.176,438.77,9562.896,418.533,4856.255,3664.309,10943.708,5060.3550000000005,11275.893,442.004,186.614,4850.939,1965.353,28699.944,412.175,3.14,9620.761,3191.5950000000003,44.14,12491.988,9574.41,915.842,1356.642,1725.565,0.03,0.0,0.0,1,Produksi Tinggi dengan Hortikultura Dataran Tinggi Menonjol
Papua,1859.0,3913.44,38.6,0.0,0.0,63.1,12.0,10.0,47.36,811.0,0.0,0.0,235.7,1044.9,0.0,0.0,258.8,15.181,428.5,58.1,1144.6,178.6,76.9,0.0,197.3,190.6,0.0,4.5,0.0,75.95,106.6,0.0,1924.98,9.925,144.2,155.95,2945.75,117.0,0.0,220.965,1060.9,122.6,81.5,0.0,2113.25,225.0,0.0,410.575,610.025,0.0,49.135000000000005,53.5,0.0,0.0,0.0,0,Produksi Multi-Komoditas Relatif Rendah
Papua Barat,13366.0,3720.1,308.315,0.0,0.0,61.4,972.211,2347.19,212.19,295.598,0.7,60.206,194.525,1146.94,0.0,6.2700000000000005,228.01,33.351,1271.065,48.48,15653.065,1219.348,51.53,7.005,61.35,114.89,145.236,23.922,5.445,15.675,34.441,0.0,153.096,59.845000000000006,393.25,286.337,277.04,0.0,0.0,167.37,8.497,16.16,2.635,0.0,307.325,3.092,0.0,123.867,335.171,0.0,48.291,32.694,0.0,0.0,0.0,0,Produksi Multi-Komoditas Relatif Rendah
Papua Barat Daya,830.0,1188.57,53.66,0.0,0.0,32.71,218.3,460.32,88.17999999999999,151.4,0.0,2.0,10.38,507.2,2.7,18.1,165.41500000000002,55.228,745.39,0.0,1728.05,1204.55,173.57999999999998,0.1,6.62,413.92,68.76,9.24,0.0,41.9,0.6,0.0,1049.115,212.985,3021.561,791.261,2373.264,32.43,0.0,291.76,8.0,23.2,79.6,0.0,1022.7,226.7,0.0,1245.474,481.285,0.0,142.65,396.72,0.0,0.0,0.0,0,Produksi Multi-Komoditas Relatif Rendah
Papua Pegunungan,346.0,247.07,0.92,0.0,0.0,0.0,0.0,0.0,0.0,0.0,0.0,0.0,0.0,0.0,0.0,0.0,0.0,0.0,11.03,0.0,26.975,0.0,0.0,0.0,0.0,0.0,0.0,0.0,0.0,13.07,49.65,5.57,40.260000000000005,54.29,25.36,43.08,3.45,0.0,15.52,40.21,29.52,175.185,0.0,0.0,2.5,0.0,0.0,2.23,22.76,5.92,1.3,8.07,0.0,0.0,0.0,0,Produksi Multi-Komoditas Relatif Rendah
Papua Selatan,362542.0,2098.29,10.353,0.0,0.0,7.931999999999999,0.012,45.715,10.485,1.398,0.0,8.309999999999999,0.112,10.266,0.01,0.063,24.734,2.347,12.125,0.241,32.019,238.582,0.24,0.0,1.551,10.45,0.03,2.507,0.0,323.869,99.9,0.0,353.341,711.504,1528.756,1410.479,1068.841,76.651,0.0,865.075,1439.855,19.26,194.0,0.0,1138.92,428.525,0.0,1058.617,3064.125,0.0,786.3050000000001,0.004,0.0,0.0,0.0,0,Produksi Multi-Komoditas Relatif Rendah
Papua Tengah,3805.0,5036.04,66.063,11.5,0.0,73.067,147.546,407.372,43.696,76.05,38.12,48.3,30933.9,351.2,6.5280000000000005,50.193,174.252,157.783,513.303,52.368,2684.878,463.816,133.39,81.14099999999999,46.871,111.34,0.0,0.39,0.0,879.3,0.2,0.0,1779.155,1587.02,2640.7,1690.9,3169.3,1.213,0.0,1875.8,986.093,215.1,1816.8,0.0,1485.66,2880.58,0.0,1627.1,1390.55,22.37,978.3,66.3,0.0,0.0,0.0,0,Produksi Multi-Komoditas Relatif Rendah
Riau,232071.0,1139.41,1317.432,11.033,0.1,2953.056,2432.143,25815.252,6649.4130000000005,8571.865,6579.124000000001,579.8810000000001,23347.699,9553.673,9594.462,967.338,8212.805,349606.022,12902.248,1741.527,34468.604,29359.325,1992.791,1949.068,1139.511,1373.584,696.272,1100.013,4166.4980000000005,20.04,40.041,0.0,7414.303999999999,2.71,6682.469,8016.360000000001,10763.348,0.005,0.0,10351.91,0.0,42.3,1733.425,0.6,3401.679,18428.717,0.0,5794.33,168.265,0.0,1208.226,6787.94,445.6350000000001,0.0,60.5,3,Produksi Menengah dengan Komoditas Buah/Tropis Menonjol
Sulawesi Barat,386084.0,30295.93,503.469,0.0,0.0,63.028,11097.06,13422.94,242.222,154.38,4.2,230.773,18454.69,43693.73,351.15,0.0,4100.353,5997.571,7138.492,7.225,245380.036,2446.88,44.246,5.029999999999999,257.314,1546.6799999999998,5047.444,0.0,18.7,101.237,968.722,0.0,1326.455,4.7,2814.922,1624.498,1301.214,0.0,10.0,1323.499,5.5,150.409,4.92,0.0,559.487,237.63,0.8,1539.934,1863.767,13.9,2022.1330000000005,713.592,0.0,0.0,0.153,3,Produksi Menengah dengan Komoditas Buah/Tropis Menonjol
Sulawesi Selatan,5466592.0,1131504.0,8241.318,70.64099999999999,0.0,496.381,16466.670000000002,77225.374,2711.9990000000003,15370.574,3022.017,25169.346,18586.071,116333.977,1873.424,107.125,21308.037,43510.572,30850.583,2389.463,182585.871,40449.155,13168.475,543.75,1455.668,11930.162,4777.218,284.956,470.579,35263.858,322741.559,0.0,4230.219,6470.737,44240.869,7758.957,11604.712,2965.66,66903.05500000001,5815.951999999999,56072.647,13571.583,1467.852,3.7,19161.281,13023.515,75.166,10321.483,72215.209,32765.438,15880.137,9462.59,377.656,0.0,0.0,1,Produksi Tinggi dengan Hortikultura Dataran Tinggi Menonjol
Sulawesi Tengah,920086.0,84798.45,7689.847,106.53,1.0,157.292,4868.984,97922.205,1456.507,776.329,939.73,183.885,5215.317,11940.313,2639.675,23.495,4064.973,2005.838,6215.835,525.278,19061.544,4891.780000000001,1880.065,167.363,528.842,594.975,8335.551,1535.491,72.36,3123.048,2036.293,0.2,1016.041,791.6800000000001,16623.164,2680.336,2629.262,594.616,186.94,3557.986,4263.092,3525.157,958.86,1.6800000000000002,3967.088,4802.695,5.15,5720.831,11889.387,654.17,1323.584,4038.63,0.065,0.0,0.0,1,Produksi Tinggi dengan Hortikultura Dataran Tinggi Menonjol
Sulawesi Tenggara,680820.0,79444.29,1127.2379999999998,3.005,0.0,335.246,4362.604,34034.667,2051.1130000000003,1797.336,433.575,3418.7339999999995,12162.994,19892.812,2475.115,123.94,5282.846,39680.807,13629.160999999998,598.54,52250.903000000006,16088.285,2704.95,664.216,1510.642,3988.833,3431.665,221.213,238.22,571.4359999999999,397.035,0.0,2919.347,294.847,4205.843,3979.376,4692.401,2.26,2.3,2647.923,442.845,474.14,541.0699999999999,0.006,1972.478,2542.786,0.849,5475.093,4368.769,0.0,1138.7469999999998,1616.743,69.3,0.0,0.01,3,Produksi Menengah dengan Komoditas Buah/Tropis Menonjol
Sulawesi Utara,265112.0,112771.9,6372.556,2.175,0.05,373.577,4240.723,32438.037,615.868,1454.272,0.45,23.35,261.939,12692.67,2716.7470000000003,36.462,5154.678,679.566,22539.075,0.45,45988.042,5343.459,993.58,0.4,1710.8200000000002,142.481,575.027,2898.7830000000004,8.32,41985.694,2554.651,0.0,471.162,879.632,12666.958,857.961,4305.337,1175.192,36086.7,1351.193,68656.946,18793.002,77.921,62.66,43118.727,193.611,0.0,11415.005,38261.648,45779.118,6.65,5875.196,0.0,0.0,0.0,1,Produksi Tinggi dengan Hortikultura Dataran Tinggi Menonjol
Sumatera Barat,1382697.0,518315.8,114443.139,10.95,1.97,582.921,3683.267,124216.001,3630.878,5101.7300000000005,21168.603,144.63299999999998,32572.478000000003,16957.522,56983.591,3140.585,11321.234,374.21,33818.103,15621.509,150873.49099999998,20452.486,1154.5700000000002,19266.758,6694.926,2527.583,5927.632,525.841,1168.74,68495.084,232895.39700000003,598.9649999999999,7214.93,53126.287,31490.73,14391.244,7873.445,10375.235,27098.95,17712.835,257629.66,31484.285,1679.9060000000002,0.0,30313.508,9174.8,113.457,105317.959,101117.696,27930.525,0.0,121757.291,161.464,0.0,0.0,1,Produksi Tinggi dengan Hortikultura Dataran Tinggi Menonjol
Sumatera Selatan,3627022.0,338998.6,11475.354,23.284,0.1,844.7629999999999,33364.998,48770.784,5318.537,4357.889,8069.923,84.94500000000001,29358.92,16918.579,3412.5910000000003,749.5899999999999,10406.184,273457.762,29018.675,3193.121,452553.542,10445.254,1338.267,4284.880999999999,1056.889,1705.169,1221.673,3724.505,1750.311,2917.625,917.884,0.0,2912.994,2641.9,14010.024,8631.741,6439.602,380.6,1064.5,15152.51,3223.6,2124.552,1410.584,20.0,3107.794,9829.637,0.4,18735.855,7068.739,1429.0,5485.485,19049.656,1782.9740000000002,0.0,415.72,1,Produksi Tinggi dengan Hortikultura Dataran Tinggi Menonjol
Sumatera Utara,2752655.0,1373900.0,49762.746,13.408,0.0,3548.084,11515.846,106382.801,9199.133,8918.365,11457.206,398.282,356148.27,38311.156,20352.585,3853.42,13294.075,185223.442,130740.345,33901.482,150225.659,18096.528,312662.592,7878.144,4474.526,823.3459999999999,34752.785,707.104,311.178,20016.006,52095.305,43.06,16351.059,62026.81,109052.507,25577.961,22571.505,64934.098,126203.674,27220.237,245022.343,12511.633,2848.7,3.0,82246.36600000001,22222.782,163.053,89304.963,234579.856,198747.092,2973.547,211900.308,103.45,0.0,0.41,1,Produksi Tinggi dengan Hortikultura Dataran Tinggi Menonjol
